velocity_m/s,acceleration_m/s^2
15.930504984130856,-6.162283170025156e-05
15.89960198669432,-6.967789126357683e-05
15.822344919433572,-4.3228532871514946e-05
15.466959169921864,-0.00018203674136639972
