velocity_m/s,acceleration_m/s^2
11.95946810821534,-0.0002150244886477516
11.727695201110844,-2.7179417270460113e-05
