velocity_m/s,acceleration_m/s^2
10.877861918945328,-0.0007919230560320416
10.522477448425295,-1.882033948633225e-05
10.213447047729474,-0.0003522242375255481
