velocity_m/s,acceleration_m/s^2
13.5200703314209,-0.0003361209846647696
13.071976868591305,-0.00014407091189652167
12.99471894866944,-2.3079161640413105e-05
