velocity_m/s,acceleration_m/s^2
12.098531596679692,-0.000397959206870692
11.851307190856918,-2.1151948964085245e-05
6.165151985435475,-0.0032039771107891775
