velocity_m/s,acceleration_m/s^2
12.979267023620602,-0.00032281731931997935
12.37665814727784,-0.0002913544698603853
