velocity_m/s,acceleration_m/s^2
8.730102318115218,-0.0005531867469847586
8.173847937927247,-0.0003340864587731151
8.05023594818115,-0.0003395933784234127
7.833914966125471,-0.00014889024460851513
