velocity_m/s,acceleration_m/s^2
12.453916067199703,-5.545701887320709e-05
12.392109645996095,-9.827634738913388e-06
11.032376906127938,-0.0003926801839337009
9.579935173950197,-0.0002793491293697087
