velocity_m/s,acceleration_m/s^2
5.238061262969973,-0.0007340386189682223
4.959934072875965,-0.00014692391808174794
4.851773581848125,-6.271536770476763e-05
4.573646391754139,-0.00025922252273329825
