velocity_m/s,acceleration_m/s^2
5.45438245819091,-0.00020786120167953743
4.743613090820308,-0.00011031412357674267
4.480937399444585,-0.0001385787824736269
