velocity_m/s,acceleration_m/s^2
12.144886092834462,-0.0006700910494278798
11.58863171264649,-3.878631620522516e-05
