velocity_m/s,acceleration_m/s^2
9.100938287353507,-0.00022042575771455834
