velocity_m/s,acceleration_m/s^2
14.957059285888661,-0.0002193359993860989
14.601675241699208,-9.021337320461425e-05
13.705488316040043,-0.0007399198737984398
