velocity_m/s,acceleration_m/s^2
7.401272575683574,-0.0003051470596614861
7.200403092346172,-0.00013538913956606286
7.1540488093566825,-3.9367418811556125e-05
7.076790889434819,-0.0001039633440510138
6.953178899688723,-5.376753519597116e-05
6.736857917633065,-0.0001273564396026284
6.535988221130384,-7.060852422664422e-05
6.381473020782472,-0.00023135979506549653
