velocity_m/s,acceleration_m/s^2
9.579935173950197,-3.4441902966300524e-05
9.4563231842041,-0.00012656517721444893
9.301808197021469,-0.00016307650362281926
