velocity_m/s,acceleration_m/s^2
10.507025949707039,-0.0001165051741244884
11.727695201110844,-3.138953523261874e-05
11.573179787597653,-0.00028222001987810265
11.3259553817749,-8.645922544190034e-05
