velocity_m/s,acceleration_m/s^2
11.944016609497083,-1.0188639886381906e-05
