velocity_m/s,acceleration_m/s^2
7.710302550048837,-0.0002640098039366398
7.401272149353037,-9.421645559912274e-05
7.370369578247084,-9.407045593727682e-05
7.339466580810548,-0.00011116492840890384
