velocity_m/s,acceleration_m/s^2
10.0898350579834,-0.00011718409247930631
9.888965148315439,-5.393193269898874e-05
