velocity_m/s,acceleration_m/s^2
11.758598198547357,-1.3006312052404523e-05
