velocity_m/s,acceleration_m/s^2
9.734450161132807,-0.0003305133415670805
9.549032176513663,-1.7479070948266603e-05
9.178196207275374,-0.00016714589885765403
8.822811736755362,-3.3086721024105914e-05
