velocity_m/s,acceleration_m/s^2
4.573646391754139,-0.0002592225227332
5.238061262969973,-0.0007340386189682
