velocity_m/s,acceleration_m/s^2
7.833914966125471,-0.0001488902446085
8.05023594818115,-0.0003395933784234
8.730102318115218,-0.0005531867469847
