velocity_m/s,acceleration_m/s^2
10.66154093688965,-0.0003303366909302
13.334652346801754,-0.0004332798425419
14.107226856384266,-0.0005277815292529
15.1888330456543,-0.0006899474741599
