velocity_m/s,acceleration_m/s^2
9.425420186767589,-4.44327784852813e-05
9.487226181640615,-9.371644408343368e-05
9.718998662414528,-0.0002889169123874
11.665888779907236,-0.0004078708717714
