velocity_m/s,acceleration_m/s^2
15.466959169921864,-0.0001820367413663
