velocity_m/s,acceleration_m/s^2
11.650437281188957,-0.0002018641240159
