velocity_m/s,acceleration_m/s^2
4.45003440200806,-0.0002274373558627
5.732509648284895,-0.0007540490971726
