velocity_m/s,acceleration_m/s^2
12.99471894866944,-2.3079161640413105e-05
13.071976868591303,-0.0001440709118965
13.5200703314209,-0.0003361209846647
