velocity_m/s,acceleration_m/s^2
6.319667025909425,-0.0002033119984678
7.138597097473147,-0.0002621121786137
8.096590018005362,-0.000314623759343
9.10093828735353,-0.005002286824837
