velocity_m/s,acceleration_m/s^2
5.732509435119638,-1.3749943242052172e-05
5.995185339660647,-0.0001716836151546
6.427827516937264,-0.0004710829278899
