velocity_m/s,acceleration_m/s^2
6.891372691650394,-0.0003497792579119
7.184951167297358,-0.0006119405432974
