velocity_m/s,acceleration_m/s^2
11.233247242126458,-0.0003736497331875
