velocity_m/s,acceleration_m/s^2
5.747961147003174,-0.0001939318485696
6.829566909942626,-0.0002644102172851
