velocity_m/s,acceleration_m/s^2
8.42107191741944,-0.0004170444998181
9.641741168823248,-0.0005825258706225
