velocity_m/s,acceleration_m/s^2
8.822811736755362,-3.3086721024105914e-05
9.178196207275374,-0.0001671458988576
9.734450161132807,-0.000330513341567
