velocity_m/s,acceleration_m/s^2
10.537928947143552,-0.0001708134358536
10.955119412536613,-0.000360951452538
