velocity_m/s,acceleration_m/s^2
7.880269035949726,-2.2869617839743827e-05
8.034784023132335,-7.644552633064651e-05
8.699199320678705,-0.0001089842592436
