velocity_m/s,acceleration_m/s^2
7.880269035949704,-0.0001528915799718
8.235653932800297,-0.0002583077293326
