velocity_m/s,acceleration_m/s^2
12.37665814727784,-0.0002913544698603
12.979267023620602,-0.0003228173193199
