velocity_m/s,acceleration_m/s^2
9.14729320983886,-9.70419137589144e-05
9.44087168548582,-0.0001696103042619
10.367962034912104,-0.0012756931146173
