velocity_m/s,acceleration_m/s^2
10.213447047729474,-0.0003522242375255
10.877861918945328,-0.000791923056032
