velocity_m/s,acceleration_m/s^2
8.374717421264648,-0.0002519755178283
9.193647705993651,-0.0012248139227891
