velocity_m/s,acceleration_m/s^2
9.301808197021469,-0.0001630765036228
