velocity_m/s,acceleration_m/s^2
7.339466580810548,-0.0001111649284089
7.710302550048837,-0.0002640098039366
