velocity_m/s,acceleration_m/s^2
9.672644166259758,-4.040928072771991e-05
