velocity_m/s,acceleration_m/s^2
8.142944940490734,-3.82226313376786e-05
8.235653932800297,-0.000218704865085
8.621941400756842,-0.0004454486116976
