velocity_m/s,acceleration_m/s^2
4.202810209350594,-0.0002924158263503
5.238061262969973,-0.0003952273888535
