velocity_m/s,acceleration_m/s^2
12.562076131896983,-0.0002511758122719
13.272846351928706,-0.0004526074225371
14.153581778869617,-0.0005825274779008
