velocity_m/s,acceleration_m/s^2
10.676992435607906,-2.0719408271243266e-05
10.785152926635746,-0.0001112619169631
11.264149813232434,-0.0002872591995866
11.897662113342292,-0.0002999256962027
