velocity_m/s,acceleration_m/s^2
13.705488316040045,-0.0007399198737984
