velocity_m/s,acceleration_m/s^2
9.641741168823245,-0.000203812019367
9.796256156005857,-0.0002039801810991
10.414316957397457,-0.0003135768385238
11.27960088562013,-0.0004079603621982
12.809301390380876,-0.0019205268701815
