velocity_m/s,acceleration_m/s^2
6.381473020782472,-0.0002313597950654
7.401272575683574,-0.0003051470596614
