velocity_m/s,acceleration_m/s^2
6.922275689086908,-0.0001138931109454
7.354918079528804,-0.0002007226612055
8.034784023132335,-0.00030002969263
9.641741595153803,-0.0003373428836894
