velocity_m/s,acceleration_m/s^2
9.116390212402344,-0.0004444875575192
10.02802906311035,-0.0008466600596342
