velocity_m/s,acceleration_m/s^2
7.154048169860844,-0.0001393770869098
8.142944940490734,-0.00028489748179
9.240002202148442,-0.0003243635227115
10.213447047729495,-0.0004916661806591
