velocity_m/s,acceleration_m/s^2
8.266556930236831,-0.0001835215948061
8.544683907165515,-0.0002351826288928
8.915520302734365,-0.0002854188282643
9.888965574645995,-0.0006112685496571
