velocity_m/s,acceleration_m/s^2
8.034784449462872,-9.410886162626208e-05
8.251105431518553,-0.0001748401552278
