velocity_m/s,acceleration_m/s^2
11.48047079528807,-0.0002863806440293
11.928564684448244,-0.0002909886764268
12.438464142150888,-0.0002930401735889
13.14923436218261,-0.0004416576789256
