velocity_m/s,acceleration_m/s^2
7.895720960998542,-8.950184293763676e-05
8.374717421264648,-0.0002635650101195
9.672644166259758,-0.0002918819120332
