velocity_m/s,acceleration_m/s^2
4.589098103637697,-0.0001355394624408
4.898128078002916,-0.0001928089961377
5.40802796203614,-0.0002446147554342
