velocity_m/s,acceleration_m/s^2
7.602142059020975,-7.64442080543076e-05
7.663948053894024,-9.414599776723429e-05
7.787560469970701,-0.0001982020145581
8.189299436645504,-0.0002549226433204
8.884617305297851,-0.0003195570614854
