velocity_m/s,acceleration_m/s^2
9.34816269317626,-0.0003560839210793
