velocity_m/s,acceleration_m/s^2
11.38776137664795,-5.553099269813683e-05
11.480470795288069,-7.074387254536624e-05
12.0521771005249,-0.0005703920770493
