velocity_m/s,acceleration_m/s^2
9.162744708557115,-0.0001529851358243
9.40996868804931,-0.0001569476761631
9.672644166259758,-0.0002153518985123
