velocity_m/s,acceleration_m/s^2
16.146825966186533,-0.0001704356101593
16.67217777526855,-0.0004787024514071
