velocity_m/s,acceleration_m/s^2
7.663948053894046,-0.0001724011836564
8.6219418270874,-0.0006571614833184
