velocity_m/s,acceleration_m/s^2
6.968630611572259,-8.754631755715625e-05
7.23130651611329,-0.0003157394374102
