velocity_m/s,acceleration_m/s^2
4.589098103637697,-0.0002262298494621
7.0458876788330045,-0.0002510312873503
8.0038810256958,-0.0004697259020996
