velocity_m/s,acceleration_m/s^2
10.50702594970704,-0.0001165051741244
11.573179787597653,-0.0002822200198781
