velocity_m/s,acceleration_m/s^2
5.608897445373541,-9.407305155711764e-05
5.763412645721431,-0.0002504524117598
6.211506534881607,-0.000291399856704
