velocity_m/s,acceleration_m/s^2
9.858062150878904,-0.0001088133712553
10.012577138061534,-0.0001884329111983
10.414316957397457,-0.0002716747027386
11.1250858984375,-0.0002994234713268
11.634986208801283,-0.0003395933784233
11.990370679321297,-0.0003864216421378
12.79384946533204,-0.0008147682939949
