velocity_m/s,acceleration_m/s^2
9.827159153442391,-0.0005150499572754
11.094183327331546,-0.0015609461755804
