velocity_m/s,acceleration_m/s^2
8.544683907165513,-0.0002297620627251
9.193647279663091,-0.0002527021295682
10.151641052856448,-0.0003750873380297
10.800604425354004,-0.0004233287320072
12.392110498657235,-0.0004233293809121
