velocity_m/s,acceleration_m/s^2
9.641741168823245,-0.0002878043998744
12.299401506347651,-0.0003495155223734
12.886558457641602,-0.0003762973974684
13.272846778259286,-0.0004940715235378
