velocity_m/s,acceleration_m/s^2
5.624349157257077,-0.0001973374206231
6.520536722412127,-0.0004446474451298
6.690503421478272,-0.000875436605394
