velocity_m/s,acceleration_m/s^2
10.18254447662354,-2.1058260604098757e-05
10.33705946380615,-0.0001426919406699
10.553380445861809,-0.0002289110921224
10.846958921508794,-0.0002653756757107
