velocity_m/s,acceleration_m/s^2
11.758598198547356,-1.3006312052404525e-05
