velocity_m/s,acceleration_m/s^2
4.480937399444585,-0.0001385787824736
5.45438245819091,-0.0002078612016795
