velocity_m/s,acceleration_m/s^2
9.579935173950195,-0.0002793491293697
11.032376906127938,-0.0003926801839337
