velocity_m/s,acceleration_m/s^2
11.727695201110844,-2.7179417270460116e-05
11.95946810821534,-0.0002150244886477
