velocity_m/s,acceleration_m/s^2
9.88896514831544,-5.393193269898874e-05
10.0898350579834,-0.0001171840924793
