velocity_m/s,acceleration_m/s^2
8.699198894348147,-0.0001358373513692
8.77645681427001,-0.000244295840056
9.641741168823248,-0.0002945246360402
10.50702594970704,-0.0003762922062286
