velocity_m/s,acceleration_m/s^2
10.800604425354004,-0.0004081100175036
11.1250858984375,-0.0004703652577857
11.80495226837159,-0.0005487221923039
