velocity_m/s,acceleration_m/s^2
12.191240588989254,-1.7983037589570065e-05
12.253047010192883,-4.3689440296692777e-05
