velocity_m/s,acceleration_m/s^2
11.913112759399429,-0.0003618620185544
13.72093938842774,-0.0004892295108683
