velocity_m/s,acceleration_m/s^2
9.100938287353507,-0.0002204257577145
