velocity_m/s,acceleration_m/s^2
6.165151985435475,-0.0032039771107891
