velocity_m/s,acceleration_m/s^2
10.661540936889647,-9.238564256060928e-05
10.893313417663563,-0.0002359826253396
11.495922294006348,-0.0003264118306794
12.407561571044932,-0.0004550331446155
