Coefficient,Value
a0,-1.3017236952601914e-06
a1,1.2266578611141912e-05
a2,-0.0002501035661740836
